{"cameraMode":{"drawMode":0,"name":"Shaded","section":"Shading Mode"},"sceneLighting":false,"audioPlay":false,"sceneViewState":{"m_AlwaysRefresh":false,"showFog":true,"showSkybox":false,"showFlares":true,"showImageEffects":true,"showParticleSystems":true,"showVisualEffectGraphs":true,"m_FxEnabled":true},"in2DMode":false,"pivot":{"x":-6.579270362854004,"y":-1.4265211820602418,"z":0.4246886372566223},"rotation":{"x":0.036498866975307468,"y":0.6053455471992493,"z":-0.02780262380838394,"w":0.7946417331695557},"size":2.3476550579071047,"orthographic":false}