{"cameraMode":{"drawMode":0,"name":"Shaded","section":"Shading Mode"},"sceneLighting":false,"audioPlay":false,"sceneViewState":{"m_AlwaysRefresh":false,"showFog":true,"showSkybox":false,"showFlares":true,"showImageEffects":true,"showParticleSystems":true,"showVisualEffectGraphs":true,"m_FxEnabled":true},"in2DMode":false,"pivot":{"x":0.8120079040527344,"y":1.2698655128479005,"z":-0.7052581310272217},"rotation":{"x":0.26169419288635256,"y":0.3983667194843292,"z":-0.11970137804746628,"w":0.8709156513214111},"size":2.4115703105926515,"orthographic":false}