{"cameraMode":{"drawMode":0,"name":"Shaded","section":"Shading Mode"},"sceneLighting":false,"audioPlay":false,"sceneViewState":{"m_AlwaysRefresh":false,"showFog":true,"showSkybox":false,"showFlares":true,"showImageEffects":true,"showParticleSystems":true,"showVisualEffectGraphs":true,"m_FxEnabled":true},"in2DMode":false,"pivot":{"x":3.569999933242798,"y":0.6000000238418579,"z":2.3299999237060549},"rotation":{"x":0.18376930058002473,"y":0.1816675364971161,"z":-0.03458108380436897,"w":0.9654178619384766},"size":0.8746428489685059,"orthographic":true}