{"cameraMode":{"drawMode":0,"name":"Shaded","section":"Shading Mode"},"sceneLighting":false,"audioPlay":false,"sceneViewState":{"m_AlwaysRefresh":false,"showFog":true,"showSkybox":false,"showFlares":true,"showImageEffects":true,"showParticleSystems":true,"showVisualEffectGraphs":true,"m_FxEnabled":true},"in2DMode":false,"pivot":{"x":-1.4279111623764039,"y":-0.0006420763675123453,"z":0.3287215828895569},"rotation":{"x":0.6974959373474121,"y":-0.0010748783824965358,"z":0.00104624405503273,"w":0.7165870070457459},"size":1.2247449159622193,"orthographic":true}