{"cameraMode":{"drawMode":0,"name":"Shaded","section":"Shading Mode"},"sceneLighting":false,"audioPlay":false,"sceneViewState":{"m_AlwaysRefresh":false,"showFog":true,"showSkybox":false,"showFlares":true,"showImageEffects":true,"showParticleSystems":true,"showVisualEffectGraphs":true,"m_FxEnabled":true},"in2DMode":false,"pivot":{"x":210.35568237304688,"y":256.8364562988281,"z":-106.85675048828125},"rotation":{"x":0.13598620891571046,"y":-0.2854244112968445,"z":0.04095051810145378,"w":0.9478209614753723},"size":16.822603225708009,"orthographic":false}