{"cameraMode":{"drawMode":0,"name":"Shaded","section":"Shading Mode"},"sceneLighting":false,"audioPlay":false,"sceneViewState":{"m_AlwaysRefresh":false,"showFog":true,"showSkybox":false,"showFlares":true,"showImageEffects":true,"showParticleSystems":true,"showVisualEffectGraphs":true,"m_FxEnabled":true},"in2DMode":false,"pivot":{"x":-0.0000057220458984375,"y":5.300000190734863,"z":0.0000057220458984375},"rotation":{"x":0.24588808417320252,"y":0.6563893556594849,"z":-0.24034364521503449,"w":0.6715242862701416},"size":22.62740707397461,"orthographic":false}