{"cameraMode":{"drawMode":0,"name":"Shaded","section":"Shading Mode"},"sceneLighting":false,"audioPlay":false,"sceneViewState":{"m_AlwaysRefresh":false,"showFog":true,"showSkybox":false,"showFlares":true,"showImageEffects":true,"showParticleSystems":true,"showVisualEffectGraphs":true,"m_FxEnabled":true},"in2DMode":false,"pivot":{"x":3.4664907455444338,"y":0.5512565970420837,"z":2.5365231037139894},"rotation":{"x":-0.18331193923950196,"y":0.7061770558357239,"z":-0.1977231502532959,"w":-0.6547185778617859},"size":1.2827354669570923,"orthographic":true}