{"cameraMode":{"drawMode":0,"name":"Shaded","section":"Shading Mode"},"sceneLighting":false,"audioPlay":false,"sceneViewState":{"m_AlwaysRefresh":false,"showFog":true,"showSkybox":false,"showFlares":true,"showImageEffects":true,"showParticleSystems":true,"showVisualEffectGraphs":true,"m_FxEnabled":true},"in2DMode":false,"pivot":{"x":3.4664907455444338,"y":0.5512565970420837,"z":2.5365231037139894},"rotation":{"x":0.008693375624716282,"y":0.7764998078346252,"z":0.01071997731924057,"w":-0.6299878358840942},"size":0.7904199957847595,"orthographic":true}