{"cameraMode":{"drawMode":0,"name":"Shaded","section":"Shading Mode"},"sceneLighting":true,"audioPlay":false,"sceneViewState":{"m_AlwaysRefresh":false,"showFog":true,"showSkybox":true,"showFlares":true,"showImageEffects":true,"showParticleSystems":true,"showVisualEffectGraphs":true,"m_FxEnabled":true},"in2DMode":false,"pivot":{"x":0.9275336265563965,"y":0.8756773471832275,"z":5.9551239013671879},"rotation":{"x":-0.046684738248586658,"y":0.8660422563552856,"z":-0.08235600590705872,"w":-0.4909289479255676},"size":1.680029273033142,"orthographic":false}