{"cameraMode":{"drawMode":0,"name":"Shaded","section":"Shading Mode"},"sceneLighting":true,"audioPlay":false,"sceneViewState":{"m_AlwaysRefresh":false,"showFog":true,"showSkybox":true,"showFlares":true,"showImageEffects":true,"showParticleSystems":true,"showVisualEffectGraphs":true,"m_FxEnabled":true},"in2DMode":false,"pivot":{"x":-0.7337453961372376,"y":3.0337941646575929,"z":-0.9343376159667969},"rotation":{"x":-0.1540609449148178,"y":-0.8376732468605042,"z":0.4290969967842102,"w":-0.30075737833976748},"size":3.9084653854370119,"orthographic":true}