{"cameraMode":{"drawMode":0,"name":"Shaded","section":"Shading Mode"},"sceneLighting":true,"audioPlay":false,"sceneViewState":{"m_AlwaysRefresh":false,"showFog":true,"showSkybox":true,"showFlares":true,"showImageEffects":true,"showParticleSystems":true,"showVisualEffectGraphs":true,"m_FxEnabled":true},"in2DMode":false,"pivot":{"x":5.0322980880737309,"y":7.4844560623168949,"z":11.159189224243164},"rotation":{"x":0.6908178925514221,"y":0.2163066267967224,"z":-0.22970464825630189,"w":0.6505695581436157},"size":0.6740912795066834,"orthographic":true}