{"cameraMode":{"drawMode":0,"name":"Shaded","section":"Shading Mode"},"sceneLighting":true,"audioPlay":false,"sceneViewState":{"m_AlwaysRefresh":false,"showFog":true,"showSkybox":true,"showFlares":true,"showImageEffects":true,"showParticleSystems":true,"showVisualEffectGraphs":true,"m_FxEnabled":true},"in2DMode":false,"pivot":{"x":3.534740447998047,"y":2.9499502182006838,"z":4.714480400085449},"rotation":{"x":-0.4760807156562805,"y":-0.005269503220915794,"z":0.002852438483387232,"w":-0.8793884515762329},"size":12.574213981628418,"orthographic":false}