{"cameraMode":{"drawMode":0,"name":"Shaded","section":"Shading Mode"},"sceneLighting":true,"audioPlay":false,"sceneViewState":{"m_AlwaysRefresh":false,"showFog":true,"showSkybox":true,"showFlares":true,"showImageEffects":true,"showParticleSystems":true,"showVisualEffectGraphs":true,"m_FxEnabled":true},"in2DMode":false,"pivot":{"x":4.404717922210693,"y":0.9226340055465698,"z":5.204117774963379},"rotation":{"x":-0.01941182091832161,"y":-0.09434188902378082,"z":-0.0018398668617010117,"w":0.9953520894050598},"size":2.878309965133667,"orthographic":true}