{"cameraMode":{"drawMode":0,"name":"Shaded","section":"Shading Mode"},"sceneLighting":true,"audioPlay":false,"sceneViewState":{"m_AlwaysRefresh":false,"showFog":true,"showSkybox":true,"showFlares":true,"showImageEffects":true,"showParticleSystems":true,"showVisualEffectGraphs":true,"m_FxEnabled":true},"in2DMode":false,"pivot":{"x":3.7957067489624025,"y":1.2942227125167847,"z":8.08151626586914},"rotation":{"x":-0.3108009099960327,"y":-0.031075982376933099,"z":0.010167308151721955,"w":-0.9499150514602661},"size":0.33137744665145876,"orthographic":false}