{"cameraMode":{"drawMode":0,"name":"Shaded","section":"Shading Mode"},"sceneLighting":true,"audioPlay":false,"sceneViewState":{"m_AlwaysRefresh":false,"showFog":true,"showSkybox":true,"showFlares":true,"showImageEffects":true,"showParticleSystems":true,"showVisualEffectGraphs":true,"m_FxEnabled":true},"in2DMode":false,"pivot":{"x":-0.5451639294624329,"y":0.4295244514942169,"z":-5.423575401306152},"rotation":{"x":0.0011481106048449875,"y":-0.9871748089790344,"z":0.1595107913017273,"w":0.007103753741830587},"size":2.3936996459960939,"orthographic":false}