{"cameraMode":{"drawMode":0,"name":"Shaded","section":"Shading Mode"},"sceneLighting":true,"audioPlay":false,"sceneViewState":{"m_AlwaysRefresh":false,"showFog":true,"showSkybox":true,"showFlares":true,"showImageEffects":true,"showParticleSystems":true,"showVisualEffectGraphs":true,"m_FxEnabled":true},"in2DMode":false,"pivot":{"x":921.0438232421875,"y":389.5616760253906,"z":-36.57726287841797},"rotation":{"x":0.10147945582866669,"y":0.08198056370019913,"z":-0.00837981142103672,"w":0.9914331436157227},"size":245.47061157226563,"orthographic":false}