{"cameraMode":{"drawMode":0,"name":"Shaded","section":"Shading Mode"},"sceneLighting":true,"audioPlay":false,"sceneViewState":{"m_AlwaysRefresh":false,"showFog":true,"showSkybox":true,"showFlares":true,"showImageEffects":true,"showParticleSystems":true,"showVisualEffectGraphs":true,"m_FxEnabled":true},"in2DMode":false,"pivot":{"x":2.421933174133301,"y":0.3562089502811432,"z":3.7827658653259279},"rotation":{"x":0.760465145111084,"y":-0.020243903622031213,"z":0.023734288290143014,"w":0.6486312747001648},"size":2.7896034717559816,"orthographic":true}