{"cameraMode":{"drawMode":0,"name":"Shaded","section":"Shading Mode"},"sceneLighting":true,"audioPlay":false,"sceneViewState":{"m_AlwaysRefresh":false,"showFog":true,"showSkybox":true,"showFlares":true,"showImageEffects":true,"showParticleSystems":true,"showVisualEffectGraphs":true,"m_FxEnabled":true},"in2DMode":false,"pivot":{"x":-0.49978554248809817,"y":1.0715346336364747,"z":-0.22183531522750855},"rotation":{"x":-0.010147975757718087,"y":0.9491769075393677,"z":-0.31307151913642886,"w":-0.03076740726828575},"size":2.3985743522644045,"orthographic":true}