{"cameraMode":{"drawMode":0,"name":"Shaded","section":"Shading Mode"},"sceneLighting":true,"audioPlay":false,"sceneViewState":{"m_AlwaysRefresh":false,"showFog":true,"showSkybox":true,"showFlares":true,"showImageEffects":true,"showParticleSystems":true,"showVisualEffectGraphs":true,"m_FxEnabled":true},"in2DMode":false,"pivot":{"x":205.4530029296875,"y":264.3916931152344,"z":-125.82299041748047},"rotation":{"x":0.20545071363449098,"y":-0.02641979791224003,"z":0.005549677647650242,"w":0.9782991409301758},"size":106.32333374023438,"orthographic":true}