{"cameraMode":{"drawMode":0,"name":"Shaded","section":"Shading Mode"},"sceneLighting":true,"audioPlay":false,"sceneViewState":{"m_AlwaysRefresh":false,"showFog":true,"showSkybox":true,"showFlares":true,"showImageEffects":true,"showParticleSystems":true,"showVisualEffectGraphs":true,"m_FxEnabled":true},"in2DMode":false,"pivot":{"x":-2.7993361949920656,"y":3.915456533432007,"z":-5.790890216827393},"rotation":{"x":0.06724205613136292,"y":0.23829545080661775,"z":-0.016540484502911569,"w":0.9687259793281555},"size":3.774754762649536,"orthographic":true}