{"cameraMode":{"drawMode":0,"name":"Shaded","section":"Shading Mode"},"sceneLighting":true,"audioPlay":false,"sceneViewState":{"m_AlwaysRefresh":false,"showFog":true,"showSkybox":true,"showFlares":true,"showImageEffects":true,"showParticleSystems":true,"showVisualEffectGraphs":true,"m_FxEnabled":true},"in2DMode":false,"pivot":{"x":10.908134460449219,"y":-11.962007522583008,"z":12.444055557250977},"rotation":{"x":-0.2768622636795044,"y":-0.4564782679080963,"z":0.15193618834018708,"w":-0.8318111896514893},"size":15.687731742858887,"orthographic":false}