{"cameraMode":{"drawMode":0,"name":"Shaded","section":"Shading Mode"},"sceneLighting":true,"audioPlay":false,"sceneViewState":{"m_AlwaysRefresh":false,"showFog":true,"showSkybox":true,"showFlares":true,"showImageEffects":true,"showParticleSystems":true,"showVisualEffectGraphs":true,"m_FxEnabled":true},"in2DMode":false,"pivot":{"x":4.609670162200928,"y":0.6302030682563782,"z":1.6030961275100709},"rotation":{"x":0.0669497549533844,"y":0.17861488461494447,"z":-0.012182989157736302,"w":0.9815646409988403},"size":1.0864992141723633,"orthographic":true}