{"cameraMode":{"drawMode":0,"name":"Shaded","section":"Shading Mode"},"sceneLighting":true,"audioPlay":false,"sceneViewState":{"m_AlwaysRefresh":false,"showFog":true,"showSkybox":true,"showFlares":true,"showImageEffects":true,"showParticleSystems":true,"showVisualEffectGraphs":true,"m_FxEnabled":true},"in2DMode":false,"pivot":{"x":-0.3104051351547241,"y":0.09349966049194336,"z":0.08075618743896485},"rotation":{"x":-0.06228480115532875,"y":0.8991273641586304,"z":-0.4112815856933594,"w":-0.13616500794887544},"size":3.313567876815796,"orthographic":false}