{"cameraMode":{"drawMode":0,"name":"Shaded","section":"Shading Mode"},"sceneLighting":true,"audioPlay":false,"sceneViewState":{"m_AlwaysRefresh":false,"showFog":true,"showSkybox":true,"showFlares":true,"showImageEffects":true,"showParticleSystems":true,"showVisualEffectGraphs":true,"m_FxEnabled":true},"in2DMode":false,"pivot":{"x":1678.7099609375,"y":752.5211181640625,"z":159.1231231689453},"rotation":{"x":0.18550105392932893,"y":-0.012970944866538048,"z":0.0024476207327097656,"w":0.9825584888458252},"size":973.6632080078125,"orthographic":true}