{"cameraMode":{"drawMode":0,"name":"Shaded","section":"Shading Mode"},"sceneLighting":true,"audioPlay":false,"sceneViewState":{"m_AlwaysRefresh":false,"showFog":true,"showSkybox":true,"showFlares":true,"showImageEffects":true,"showParticleSystems":true,"showVisualEffectGraphs":true,"m_FxEnabled":true},"in2DMode":false,"pivot":{"x":-0.32639268040657046,"y":1.0853019952774048,"z":-0.7668613791465759},"rotation":{"x":-0.19088466465473176,"y":-0.7744487524032593,"z":0.2754206657409668,"w":-0.5366535186767578},"size":0.9113558530807495,"orthographic":true}