{"cameraMode":{"drawMode":0,"name":"Shaded","section":"Shading Mode"},"sceneLighting":true,"audioPlay":false,"sceneViewState":{"m_AlwaysRefresh":false,"showFog":true,"showSkybox":true,"showFlares":true,"showImageEffects":true,"showParticleSystems":true,"showVisualEffectGraphs":true,"m_FxEnabled":true},"in2DMode":false,"pivot":{"x":-2.4075775146484377,"y":0.9516037702560425,"z":-0.6410174369812012},"rotation":{"x":0.028902791440486909,"y":-0.9693714380264282,"z":0.140562504529953,"w":0.19932548701763154},"size":2.122659683227539,"orthographic":false}