{"cameraMode":{"drawMode":0,"name":"Shaded","section":"Shading Mode"},"sceneLighting":false,"audioPlay":false,"sceneViewState":{"m_AlwaysRefresh":false,"showFog":true,"showSkybox":false,"showFlares":true,"showImageEffects":true,"showParticleSystems":true,"showVisualEffectGraphs":true,"m_FxEnabled":true},"in2DMode":false,"pivot":{"x":-1.2710000276565552,"y":0.8500009775161743,"z":-3.682999849319458},"rotation":{"x":0.19444449245929719,"y":0.04530022293329239,"z":-0.008990882895886898,"w":0.9798311591148377},"size":0.9096702933311462,"orthographic":true}