{"cameraMode":{"drawMode":0,"name":"Shaded","section":"Shading Mode"},"sceneLighting":false,"audioPlay":false,"sceneViewState":{"m_AlwaysRefresh":false,"showFog":true,"showSkybox":false,"showFlares":true,"showImageEffects":true,"showParticleSystems":true,"showVisualEffectGraphs":true,"m_FxEnabled":true},"in2DMode":false,"pivot":{"x":0.800000011920929,"y":0.7500004172325134,"z":0.900000274181366},"rotation":{"x":0.47268611192703249,"y":-0.02775021269917488,"z":0.01489455346018076,"w":0.8806688785552979},"size":1.0074725151062012,"orthographic":true}