{"cameraMode":{"drawMode":0,"name":"Shaded","section":"Shading Mode"},"sceneLighting":false,"audioPlay":false,"sceneViewState":{"m_AlwaysRefresh":false,"showFog":true,"showSkybox":false,"showFlares":true,"showImageEffects":true,"showParticleSystems":true,"showVisualEffectGraphs":true,"m_FxEnabled":true},"in2DMode":false,"pivot":{"x":3.6399998664855959,"y":0.6000000238418579,"z":0.4699999690055847},"rotation":{"x":0.1038624569773674,"y":0.031324297189712527,"z":-0.003272802336141467,"w":0.9940932393074036},"size":0.8746427297592163,"orthographic":true}