{"cameraMode":{"drawMode":0,"name":"Shaded","section":"Shading Mode"},"sceneLighting":false,"audioPlay":false,"sceneViewState":{"m_AlwaysRefresh":false,"showFog":true,"showSkybox":false,"showFlares":true,"showImageEffects":true,"showParticleSystems":true,"showVisualEffectGraphs":true,"m_FxEnabled":true},"in2DMode":false,"pivot":{"x":-2.490999937057495,"y":0.4436393976211548,"z":0.5171374678611755},"rotation":{"x":0.1038624569773674,"y":0.031324297189712527,"z":-0.003272802336141467,"w":0.9940932393074036},"size":0.8851609826087952,"orthographic":true}